--
-- Base de datos: `tablonucm`
--
CREATE DATABASE IF NOT EXISTS `tablonucm` DEFAULT CHARACTER SET utf8mb4 COLLATE utf8mb4_general_ci;
USE `tablonucm`;

INSERT INTO `facultades`(`id`, `nombre`) VALUES (1,'Facultad de Matemáticas');
INSERT INTO `facultades`(`id`, `nombre`) VALUES (2,'Facultad de Informática');
INSERT INTO `facultades`(`id`, `nombre`) VALUES (3,'Facultad de Derecho');

INSERT INTO `grados`(`id`, `nombre`, `idFacultad`) VALUES (1,'Grado en Matemáticas',1);
INSERT INTO `grados`(`id`, `nombre`, `idFacultad`) VALUES (2,'Grado en Estadística',1);
INSERT INTO `grados`(`id`, `nombre`, `idFacultad`) VALUES (3,'Grado en Economía',1);
INSERT INTO `grados`(`id`, `nombre`, `idFacultad`) VALUES (4,'Grado en Ingeniería Informática',2);
INSERT INTO `grados`(`id`, `nombre`, `idFacultad`) VALUES (5,'Grado en Ingeniería de Software',2);
INSERT INTO `grados`(`id`, `nombre`, `idFacultad`) VALUES (6,'Grado en Ingeniería de Computadores',2);
INSERT INTO `grados`(`id`, `nombre`, `idFacultad`) VALUES (7,'Grado en Derecho',3);
INSERT INTO `grados`(`id`, `nombre`, `idFacultad`) VALUES (8,'Grado en Criminología',3);
INSERT INTO `grados`(`id`, `nombre`, `idFacultad`) VALUES (9,'Grado en Ciencias Políticas',3);

INSERT INTO `cursos`(`id`, `nombre`, `idGrado`) VALUES (1, 'Primero',1);
INSERT INTO `cursos`(`id`, `nombre`, `idGrado`) VALUES (2, 'Segundo',1);
INSERT INTO `cursos`(`id`, `nombre`, `idGrado`) VALUES (3, 'Tercero',1);
INSERT INTO `cursos`(`id`, `nombre`, `idGrado`) VALUES (4, 'Primero',2);
INSERT INTO `cursos`(`id`, `nombre`, `idGrado`) VALUES (5, 'Segundo',2);
INSERT INTO `cursos`(`id`, `nombre`, `idGrado`) VALUES (6, 'Tercero',2);
INSERT INTO `cursos`(`id`, `nombre`, `idGrado`) VALUES (7, 'Primero',3);
INSERT INTO `cursos`(`id`, `nombre`, `idGrado`) VALUES (8, 'Segundo',3);
INSERT INTO `cursos`(`id`, `nombre`, `idGrado`) VALUES (9, 'Tercero',3);
INSERT INTO `cursos`(`id`, `nombre`, `idGrado`) VALUES (10,'Primero',4);
INSERT INTO `cursos`(`id`, `nombre`, `idGrado`) VALUES (11,'Segundo',4);
INSERT INTO `cursos`(`id`, `nombre`, `idGrado`) VALUES (12,'Tercero',4);
INSERT INTO `cursos`(`id`, `nombre`, `idGrado`) VALUES (13,'Primero',5);
INSERT INTO `cursos`(`id`, `nombre`, `idGrado`) VALUES (14,'Segundo',5);
INSERT INTO `cursos`(`id`, `nombre`, `idGrado`) VALUES (15,'Tercero',5);
INSERT INTO `cursos`(`id`, `nombre`, `idGrado`) VALUES (16,'Primero',6);
INSERT INTO `cursos`(`id`, `nombre`, `idGrado`) VALUES (17,'Segundo',6);
INSERT INTO `cursos`(`id`, `nombre`, `idGrado`) VALUES (18,'Tercero',6);
INSERT INTO `cursos`(`id`, `nombre`, `idGrado`) VALUES (19,'Primero',7);
INSERT INTO `cursos`(`id`, `nombre`, `idGrado`) VALUES (20,'Segundo',7);
INSERT INTO `cursos`(`id`, `nombre`, `idGrado`) VALUES (21,'Tercero',7);
INSERT INTO `cursos`(`id`, `nombre`, `idGrado`) VALUES (22,'Primero',8);
INSERT INTO `cursos`(`id`, `nombre`, `idGrado`) VALUES (23,'Segundo',8);
INSERT INTO `cursos`(`id`, `nombre`, `idGrado`) VALUES (24,'Tercero',8);
INSERT INTO `cursos`(`id`, `nombre`, `idGrado`) VALUES (25,'Primero',9);
INSERT INTO `cursos`(`id`, `nombre`, `idGrado`) VALUES (26,'Segundo',9);
INSERT INTO `cursos`(`id`, `nombre`, `idGrado`) VALUES (27,'Tercero',9);

INSERT INTO `asignaturas`(`id`, `nombre`, `idCurso`, `zip`) VALUES (1, 'Álgebra Lineal',1,0);
INSERT INTO `asignaturas`(`id`, `nombre`, `idCurso`, `zip`) VALUES (2, 'Análisis de Variable Real',1,0);
INSERT INTO `asignaturas`(`id`, `nombre`, `idCurso`, `zip`) VALUES (3, 'Matemáticas Básicas',1,0);
INSERT INTO `asignaturas`(`id`, `nombre`, `idCurso`, `zip`) VALUES (4, 'Estadística',2,0);
INSERT INTO `asignaturas`(`id`, `nombre`, `idCurso`, `zip`) VALUES (5, 'Cálculo Diferencial',2,0);
INSERT INTO `asignaturas`(`id`, `nombre`, `idCurso`, `zip`) VALUES (6, 'Métodos Numéricos',2,0);
INSERT INTO `asignaturas`(`id`, `nombre`, `idCurso`, `zip`) VALUES (7, 'Análisis Numérico',3,0);
INSERT INTO `asignaturas`(`id`, `nombre`, `idCurso`, `zip`) VALUES (8, 'Optimización',3,0);
INSERT INTO `asignaturas`(`id`, `nombre`, `idCurso`, `zip`) VALUES (9, 'Ecuaciones Algebraicas',3,0);
INSERT INTO `asignaturas`(`id`, `nombre`, `idCurso`, `zip`) VALUES (10,'Informática',4,0);
INSERT INTO `asignaturas`(`id`, `nombre`, `idCurso`, `zip`) VALUES (11,'Elementos de Matemáticas y Aplicaciones',4,0);
INSERT INTO `asignaturas`(`id`, `nombre`, `idCurso`, `zip`) VALUES (12,'Investigación Operativa',4,0);
INSERT INTO `asignaturas`(`id`, `nombre`, `idCurso`, `zip`) VALUES (13,'Estructuras Algebraicas',5,0);
INSERT INTO `asignaturas`(`id`, `nombre`, `idCurso`, `zip`) VALUES (14,'Probabilidad',5,0);
INSERT INTO `asignaturas`(`id`, `nombre`, `idCurso`, `zip`) VALUES (15,'Geometría Lineal',5,0);
INSERT INTO `asignaturas`(`id`, `nombre`, `idCurso`, `zip`) VALUES (16,'Álgebra Matricial',6,0);
INSERT INTO `asignaturas`(`id`, `nombre`, `idCurso`, `zip`) VALUES (17,'Procesos Estocásticos',6,0);
INSERT INTO `asignaturas`(`id`, `nombre`, `idCurso`, `zip`) VALUES (18,'Modelos de Regresión',6,0);
INSERT INTO `asignaturas`(`id`, `nombre`, `idCurso`, `zip`) VALUES (19,'Contabilidad Financiera',7,0);
INSERT INTO `asignaturas`(`id`, `nombre`, `idCurso`, `zip`) VALUES (20,'Finanzas',7,0);
INSERT INTO `asignaturas`(`id`, `nombre`, `idCurso`, `zip`) VALUES (21,'Economía Mundial',7,0);
INSERT INTO `asignaturas`(`id`, `nombre`, `idCurso`, `zip`) VALUES (22,'Derecho Económico',8,0);
INSERT INTO `asignaturas`(`id`, `nombre`, `idCurso`, `zip`) VALUES (23,'Historia Económica',8,0);
INSERT INTO `asignaturas`(`id`, `nombre`, `idCurso`, `zip`) VALUES (24,'Métodos de Economía Aplicada',8,0);
INSERT INTO `asignaturas`(`id`, `nombre`, `idCurso`, `zip`) VALUES (25,'Fiscalidad',9,0);
INSERT INTO `asignaturas`(`id`, `nombre`, `idCurso`, `zip`) VALUES (26,'Economía Española',9,0);
INSERT INTO `asignaturas`(`id`, `nombre`, `idCurso`, `zip`) VALUES (27,'Macroeconomía',9,0);
INSERT INTO `asignaturas`(`id`, `nombre`, `idCurso`, `zip`) VALUES (28,'Fundamentos de Programación',10,0);
INSERT INTO `asignaturas`(`id`, `nombre`, `idCurso`, `zip`) VALUES (29,'Fundamentos de Computadores',10,0);
INSERT INTO `asignaturas`(`id`, `nombre`, `idCurso`, `zip`) VALUES (30,'Cálculo',10,0);
INSERT INTO `asignaturas`(`id`, `nombre`, `idCurso`, `zip`) VALUES (31,'Tecnología y Organización de Computadores',11,0);
INSERT INTO `asignaturas`(`id`, `nombre`, `idCurso`, `zip`) VALUES (32,'Probabilidad y Estadística',11,0);
INSERT INTO `asignaturas`(`id`, `nombre`, `idCurso`, `zip`) VALUES (33,'Tecnología de la Programación',11,0);
INSERT INTO `asignaturas`(`id`, `nombre`, `idCurso`, `zip`) VALUES (34,'Redes',12,0);
INSERT INTO `asignaturas`(`id`, `nombre`, `idCurso`, `zip`) VALUES (35,'Aplicaciones Web',12,0);
INSERT INTO `asignaturas`(`id`, `nombre`, `idCurso`, `zip`) VALUES (36,'Auditoría Informática',12,0);
INSERT INTO `asignaturas`(`id`, `nombre`, `idCurso`, `zip`) VALUES (37,'Álgebra Lineal',13,0);
INSERT INTO `asignaturas`(`id`, `nombre`, `idCurso`, `zip`) VALUES (38,'Gestión Empresarial',13,0);
INSERT INTO `asignaturas`(`id`, `nombre`, `idCurso`, `zip`) VALUES (39,'Matemática Discreta',13,0);
INSERT INTO `asignaturas`(`id`, `nombre`, `idCurso`, `zip`) VALUES (40,'Estadística Aplicada',14,0);
INSERT INTO `asignaturas`(`id`, `nombre`, `idCurso`, `zip`) VALUES (41,'Sistemas Operativos',14,0);
INSERT INTO `asignaturas`(`id`, `nombre`, `idCurso`, `zip`) VALUES (42,'Ingeniería del Software',14,0);
INSERT INTO `asignaturas`(`id`, `nombre`, `idCurso`, `zip`) VALUES (43,'Modelos Operativos de Gestión',15,0);
INSERT INTO `asignaturas`(`id`, `nombre`, `idCurso`, `zip`) VALUES (44,'Modelado de Software',15,0);
INSERT INTO `asignaturas`(`id`, `nombre`, `idCurso`, `zip`) VALUES (45,'Administración de Sistemas y Redes',15,0);
INSERT INTO `asignaturas`(`id`, `nombre`, `idCurso`, `zip`) VALUES (46,'Lógica Matemática',16,0);
INSERT INTO `asignaturas`(`id`, `nombre`, `idCurso`, `zip`) VALUES (47,'Fundamentos de Electricidad y Electrónica',16,0);
INSERT INTO `asignaturas`(`id`, `nombre`, `idCurso`, `zip`) VALUES (48,'Análisis de Redes Sociales',16,0);
INSERT INTO `asignaturas`(`id`, `nombre`, `idCurso`, `zip`) VALUES (49,'Electrónica',17,0);
INSERT INTO `asignaturas`(`id`, `nombre`, `idCurso`, `zip`) VALUES (50,'Bases de Datos',17,0);
INSERT INTO `asignaturas`(`id`, `nombre`, `idCurso`, `zip`) VALUES (51,'Estructuras de Datos',17,0);
INSERT INTO `asignaturas`(`id`, `nombre`, `idCurso`, `zip`) VALUES (52,'Arquitectura de Computadores',18,0);
INSERT INTO `asignaturas`(`id`, `nombre`, `idCurso`, `zip`) VALUES (53,'Sistemas Web',18,0);
INSERT INTO `asignaturas`(`id`, `nombre`, `idCurso`, `zip`) VALUES (54,'Programación de Sistemas y Dispositivos',18,0);
INSERT INTO `asignaturas`(`id`, `nombre`, `idCurso`, `zip`) VALUES (55,'Derecho Constitucional',19,0);
INSERT INTO `asignaturas`(`id`, `nombre`, `idCurso`, `zip`) VALUES (56,'Derecho Civil',19,0);
INSERT INTO `asignaturas`(`id`, `nombre`, `idCurso`, `zip`) VALUES (57,'Teoría del Derecho',19,0);
INSERT INTO `asignaturas`(`id`, `nombre`, `idCurso`, `zip`) VALUES (58,'Derecho Penal',20,0);
INSERT INTO `asignaturas`(`id`, `nombre`, `idCurso`, `zip`) VALUES (59,'Derecho Administrativo',20,0);
INSERT INTO `asignaturas`(`id`, `nombre`, `idCurso`, `zip`) VALUES (60,'Derecho Procesal',20,0);
INSERT INTO `asignaturas`(`id`, `nombre`, `idCurso`, `zip`) VALUES (61,'Derecho Mercantil',21,0);
INSERT INTO `asignaturas`(`id`, `nombre`, `idCurso`, `zip`) VALUES (62,'Derecho Financiero y Tributario',21,0);
INSERT INTO `asignaturas`(`id`, `nombre`, `idCurso`, `zip`) VALUES (63,'Derecho Internacional Privado',21,0);
INSERT INTO `asignaturas`(`id`, `nombre`, `idCurso`, `zip`) VALUES (64,'Antropología Jurídica',22,0);
INSERT INTO `asignaturas`(`id`, `nombre`, `idCurso`, `zip`) VALUES (65,'Sociología General',22,0);
INSERT INTO `asignaturas`(`id`, `nombre`, `idCurso`, `zip`) VALUES (66,'Psicología de la Personalidad',22,0);
INSERT INTO `asignaturas`(`id`, `nombre`, `idCurso`, `zip`) VALUES (67,'Criminalidad Organizada',23,0);
INSERT INTO `asignaturas`(`id`, `nombre`, `idCurso`, `zip`) VALUES (68,'Victimología',23,0);
INSERT INTO `asignaturas`(`id`, `nombre`, `idCurso`, `zip`) VALUES (69,'Psicopatología Criminal',23,0);
INSERT INTO `asignaturas`(`id`, `nombre`, `idCurso`, `zip`) VALUES (70,'Delincuencia Juvenil',24,0);
INSERT INTO `asignaturas`(`id`, `nombre`, `idCurso`, `zip`) VALUES (71,'Sociología del Delito',24,0);
INSERT INTO `asignaturas`(`id`, `nombre`, `idCurso`, `zip`) VALUES (72,'Delincuencia en la Red',24,0);
INSERT INTO `asignaturas`(`id`, `nombre`, `idCurso`, `zip`) VALUES (73,'Actores y Procesos Políticos',25,0);
INSERT INTO `asignaturas`(`id`, `nombre`, `idCurso`, `zip`) VALUES (74,'Historia Política y Social del Mundo Contemporáneo',25,0);
INSERT INTO `asignaturas`(`id`, `nombre`, `idCurso`, `zip`) VALUES (75,'Instituciones y Estructuras de Decisión',25,0);
INSERT INTO `asignaturas`(`id`, `nombre`, `idCurso`, `zip`) VALUES (76,'Economía Política',26,0);
INSERT INTO `asignaturas`(`id`, `nombre`, `idCurso`, `zip`) VALUES (77,'Teoría de la Administración Pública',26,0);
INSERT INTO `asignaturas`(`id`, `nombre`, `idCurso`, `zip`) VALUES (78,'Relaciones Internacionales',26,0);
INSERT INTO `asignaturas`(`id`, `nombre`, `idCurso`, `zip`) VALUES (79,'Sistema Político Español',27,0);
INSERT INTO `asignaturas`(`id`, `nombre`, `idCurso`, `zip`) VALUES (80,'Políticas Públicas',27,0);
INSERT INTO `asignaturas`(`id`, `nombre`, `idCurso`, `zip`) VALUES (81,'Sistema Comunitario Europeo',27,0);

INSERT INTO `usuarios`(`nombreUsuario`, `email`, `password`, `rol`, `extensionImagen`) VALUES ('Enriqueta123', 'enriqueta@ucm.es', '$2a$10$1fjOWPPp5thVHHKXK9PZkOcfboMcUk737njd5Xo/xkECbrDCynWtW','user', 'png');
INSERT INTO `usuarios`(`nombreUsuario`, `email`, `password`, `rol`, `extensionImagen`) VALUES ('ViniciusJr', 'viniciusjr@realmadrid.es', '$2y$10$l2eqeaHJVVHUSaKm9WmWNenxmcu1mFEky4APkL0MOQ3qz6WBydtCi','user', 'jpg');
INSERT INTO `usuarios`(`nombreUsuario`, `email`, `password`, `rol`, `extensionImagen`) VALUES ('Administrador', 'admin@ucm.es', '$2y$10$iy5Eyg4DRyf1TxcjQ6IR/./iRtHgoVUjhdIc5176En7HbkMUpcwQm','admin', 'jpeg');

INSERT INTO `archivos`(`id`, `nombreArchivo`, `categoria`, `asignatura`, `autor`, `observaciones`, `tamano`, `fecha`) VALUES (1, 'Proyecto final.pdf', 'Ejercicios', 1, 'ViniciusJr', 'E seguimos trabalhando...', 38906 , '2016-11-01 17:45:03');
INSERT INTO `archivos`(`id`, `nombreArchivo`, `categoria`, `asignatura`, `autor`, `observaciones`, `tamano`, `fecha`) VALUES (2, 'Herramientas Forenses.pdf', 'Ejercicios', 1, 'Administrador', 'A seguir trabajando', 1190818 , '2019-10-21 17:45:03');
INSERT INTO `archivos`(`id`, `nombreArchivo`, `categoria`, `asignatura`, `autor`, `observaciones`, `tamano`, `fecha`) VALUES (3, 'Vulnerabilidades.pdf', 'Ejercicios', 1, 'Enriqueta123', 'Lets work', 1058120 , '2018-04-10 17:45:03');
INSERT INTO `archivos`(`id`, `nombreArchivo`, `categoria`, `asignatura`, `autor`, `observaciones`, `tamano`, `fecha`) VALUES (4, 'Memoria.pdf', 'Ejercicios', 1, 'ViniciusJr', 'A por ello', 345937 , '2019-03-09 17:45:03');
INSERT INTO `archivos`(`id`, `nombreArchivo`, `categoria`, `asignatura`, `autor`, `observaciones`, `tamano`, `fecha`) VALUES (5, 'Evidencias Auditoría.pdf', 'Teoría', 1, 'ViniciusJr', 'E seguimos trabalhando...', 68424 , '2016-11-01 17:45:03');
INSERT INTO `archivos`(`id`, `nombreArchivo`, `categoria`, `asignatura`, `autor`, `observaciones`, `tamano`, `fecha`) VALUES (6, 'Capacidad y Madurez.pdf', 'Teoría', 1, 'Administrador', 'A seguir trabajando', 498502 , '2019-10-21 17:45:03');
INSERT INTO `archivos`(`id`, `nombreArchivo`, `categoria`, `asignatura`, `autor`, `observaciones`, `tamano`, `fecha`) VALUES (7, 'Zidane.jpg', 'Teoría', 1, 'Enriqueta123', 'Lets work', 101724 , '2018-04-10 17:45:03');
INSERT INTO `archivos`(`id`, `nombreArchivo`, `categoria`, `asignatura`, `autor`, `observaciones`, `tamano`, `fecha`) VALUES (8, 'Vinicius.jpg', 'Teoría', 1, 'ViniciusJr', 'A por ello', 22687 , '2019-03-09 17:45:03');
INSERT INTO `archivos`(`id`, `nombreArchivo`, `categoria`, `asignatura`, `autor`, `observaciones`, `tamano`, `fecha`) VALUES (9, 'Assassins Creed.jpg', 'Exámenes', 1, 'ViniciusJr', 'E seguimos trabalhando...', 26658 , '2016-11-01 17:45:03');
INSERT INTO `archivos`(`id`, `nombreArchivo`, `categoria`, `asignatura`, `autor`, `observaciones`, `tamano`, `fecha`) VALUES (10, 'God of War.jpg', 'Exámenes', 1, 'Administrador', 'A seguir trabajando', 1093649 , '2019-10-21 17:45:03');
INSERT INTO `archivos`(`id`, `nombreArchivo`, `categoria`, `asignatura`, `autor`, `observaciones`, `tamano`, `fecha`) VALUES (11, 'Proyecto final.pdf', 'Exámenes', 1, 'ViniciusJr', 'E seguimos trabalhando...', 38906 , '2016-11-01 17:45:03');
INSERT INTO `archivos`(`id`, `nombreArchivo`, `categoria`, `asignatura`, `autor`, `observaciones`, `tamano`, `fecha`) VALUES (12, 'Herramientas Forenses.pdf', 'Exámenes', 1, 'Administrador', 'A seguir trabajando', 1190818 , '2019-10-21 17:45:03');
INSERT INTO `archivos`(`id`, `nombreArchivo`, `categoria`, `asignatura`, `autor`, `observaciones`, `tamano`, `fecha`) VALUES (13, 'Vulnerabilidades.pdf', 'Prácticas', 1, 'Enriqueta123', 'Lets work', 1058120 , '2018-04-10 17:45:03');
INSERT INTO `archivos`(`id`, `nombreArchivo`, `categoria`, `asignatura`, `autor`, `observaciones`, `tamano`, `fecha`) VALUES (14, 'Memoria.pdf', 'Prácticas', 1, 'ViniciusJr', 'A por ello', 345937 , '2019-03-09 17:45:03');
INSERT INTO `archivos`(`id`, `nombreArchivo`, `categoria`, `asignatura`, `autor`, `observaciones`, `tamano`, `fecha`) VALUES (15, 'Evidencias Auditoría.pdf', 'Prácticas', 1, 'ViniciusJr', 'E seguimos trabalhando...', 68424 , '2016-11-01 17:45:03');
INSERT INTO `archivos`(`id`, `nombreArchivo`, `categoria`, `asignatura`, `autor`, `observaciones`, `tamano`, `fecha`) VALUES (16, 'Capacidad y Madurez.pdf', 'Prácticas', 1, 'Administrador', 'A seguir trabajando', 498502 , '2019-10-21 17:45:03');
INSERT INTO `archivos`(`id`, `nombreArchivo`, `categoria`, `asignatura`, `autor`, `observaciones`, `tamano`, `fecha`) VALUES (17, 'Zidane.jpg', 'Prácticas', 9, 'Enriqueta123', 'Lets work', 101724 , '2018-04-10 17:45:03');
INSERT INTO `archivos`(`id`, `nombreArchivo`, `categoria`, `asignatura`, `autor`, `observaciones`, `tamano`, `fecha`) VALUES (18, 'Vinicius.jpg', 'Prácticas', 9, 'ViniciusJr', 'A por ello', 22687 , '2019-03-09 17:45:03');
INSERT INTO `archivos`(`id`, `nombreArchivo`, `categoria`, `asignatura`, `autor`, `observaciones`, `tamano`, `fecha`) VALUES (19, 'Assassins Creed.jpg', 'Teoría', 10, 'ViniciusJr', 'E seguimos trabalhando...', 26658 , '2016-11-01 17:45:03');
INSERT INTO `archivos`(`id`, `nombreArchivo`, `categoria`, `asignatura`, `autor`, `observaciones`, `tamano`, `fecha`) VALUES (20, 'God of War.jpg', 'Ejercicios', 10, 'Administrador', 'A seguir trabajando', 1093649 , '2019-10-21 17:45:03');
INSERT INTO `archivos`(`id`, `nombreArchivo`, `categoria`, `asignatura`, `autor`, `observaciones`, `tamano`, `fecha`) VALUES (21, 'Proyecto final.pdf', 'Teoría', 11, 'ViniciusJr', 'E seguimos trabalhando...', 38906 , '2016-11-01 17:45:03');
INSERT INTO `archivos`(`id`, `nombreArchivo`, `categoria`, `asignatura`, `autor`, `observaciones`, `tamano`, `fecha`) VALUES (22, 'Herramientas Forenses.pdf', 'Ejercicios', 11, 'Administrador', 'A seguir trabajando', 1190818 , '2019-10-21 17:45:03');
INSERT INTO `archivos`(`id`, `nombreArchivo`, `categoria`, `asignatura`, `autor`, `observaciones`, `tamano`, `fecha`) VALUES (23, 'Vulnerabilidades.pdf', 'Exámenes', 12, 'Enriqueta123', 'Lets work', 1058120 , '2018-04-10 17:45:03');
INSERT INTO `archivos`(`id`, `nombreArchivo`, `categoria`, `asignatura`, `autor`, `observaciones`, `tamano`, `fecha`) VALUES (24, 'Memoria.pdf', 'Prácticas', 12, 'ViniciusJr', 'A por ello', 345937 , '2019-03-09 17:45:03');
INSERT INTO `archivos`(`id`, `nombreArchivo`, `categoria`, `asignatura`, `autor`, `observaciones`, `tamano`, `fecha`) VALUES (25, 'Evidencias Auditoría.pdf', 'Teoría', 13, 'ViniciusJr', 'E seguimos trabalhando...', 68424 , '2016-11-01 17:45:03');
INSERT INTO `archivos`(`id`, `nombreArchivo`, `categoria`, `asignatura`, `autor`, `observaciones`, `tamano`, `fecha`) VALUES (26, 'Capacidad y Madurez.pdf', 'Ejercicios', 13, 'Administrador', 'A seguir trabajando', 498502 , '2019-10-21 17:45:03');
INSERT INTO `archivos`(`id`, `nombreArchivo`, `categoria`, `asignatura`, `autor`, `observaciones`, `tamano`, `fecha`) VALUES (27, 'Zidane.jpg', 'Exámenes', 14, 'Enriqueta123', 'Lets work', 101724 , '2018-04-10 17:45:03');
INSERT INTO `archivos`(`id`, `nombreArchivo`, `categoria`, `asignatura`, `autor`, `observaciones`, `tamano`, `fecha`) VALUES (28, 'Vinicius.jpg', 'Prácticas', 14, 'ViniciusJr', 'A por ello', 22687 , '2019-03-09 17:45:03');
INSERT INTO `archivos`(`id`, `nombreArchivo`, `categoria`, `asignatura`, `autor`, `observaciones`, `tamano`, `fecha`) VALUES (29, 'Assassins Creed.jpg', 'Teoría', 15, 'ViniciusJr', 'E seguimos trabalhando...', 26658 , '2016-11-01 17:45:03');
INSERT INTO `archivos`(`id`, `nombreArchivo`, `categoria`, `asignatura`, `autor`, `observaciones`, `tamano`, `fecha`) VALUES (30, 'God of War.jpg', 'Ejercicios', 15, 'Administrador', 'A seguir trabajando', 1093649 , '2019-10-21 17:45:03');
INSERT INTO `archivos`(`id`, `nombreArchivo`, `categoria`, `asignatura`, `autor`, `observaciones`, `tamano`, `fecha`) VALUES (31, 'Proyecto final.pdf', 'Teoría', 16, 'ViniciusJr', 'E seguimos trabalhando...', 38906 , '2016-11-01 17:45:03');
INSERT INTO `archivos`(`id`, `nombreArchivo`, `categoria`, `asignatura`, `autor`, `observaciones`, `tamano`, `fecha`) VALUES (32, 'Herramientas Forenses.pdf', 'Ejercicios', 16, 'Administrador', 'A seguir trabajando', 1190818 , '2019-10-21 17:45:03');
INSERT INTO `archivos`(`id`, `nombreArchivo`, `categoria`, `asignatura`, `autor`, `observaciones`, `tamano`, `fecha`) VALUES (33, 'Vulnerabilidades.pdf', 'Exámenes', 17, 'Enriqueta123', 'Lets work', 1058120 , '2018-04-10 17:45:03');
INSERT INTO `archivos`(`id`, `nombreArchivo`, `categoria`, `asignatura`, `autor`, `observaciones`, `tamano`, `fecha`) VALUES (34, 'Memoria.pdf', 'Prácticas', 17, 'ViniciusJr', 'A por ello', 345937 , '2019-03-09 17:45:03');
INSERT INTO `archivos`(`id`, `nombreArchivo`, `categoria`, `asignatura`, `autor`, `observaciones`, `tamano`, `fecha`) VALUES (35, 'Evidencias Auditoría.pdf', 'Teoría', 18, 'ViniciusJr', 'E seguimos trabalhando...', 68424 , '2016-11-01 17:45:03');
INSERT INTO `archivos`(`id`, `nombreArchivo`, `categoria`, `asignatura`, `autor`, `observaciones`, `tamano`, `fecha`) VALUES (36, 'Capacidad y Madurez.pdf', 'Ejercicios', 18, 'Administrador', 'A seguir trabajando', 498502 , '2019-10-21 17:45:03');
INSERT INTO `archivos`(`id`, `nombreArchivo`, `categoria`, `asignatura`, `autor`, `observaciones`, `tamano`, `fecha`) VALUES (37, 'Zidane.jpg', 'Exámenes', 19, 'Enriqueta123', 'Lets work', 101724 , '2018-04-10 17:45:03');
INSERT INTO `archivos`(`id`, `nombreArchivo`, `categoria`, `asignatura`, `autor`, `observaciones`, `tamano`, `fecha`) VALUES (38, 'Vinicius.jpg', 'Prácticas', 19, 'ViniciusJr', 'A por ello', 22687 , '2019-03-09 17:45:03');
INSERT INTO `archivos`(`id`, `nombreArchivo`, `categoria`, `asignatura`, `autor`, `observaciones`, `tamano`, `fecha`) VALUES (39, 'Assassins Creed.jpg', 'Teoría', 20, 'ViniciusJr', 'E seguimos trabalhando...', 26658 , '2016-11-01 17:45:03');
INSERT INTO `archivos`(`id`, `nombreArchivo`, `categoria`, `asignatura`, `autor`, `observaciones`, `tamano`, `fecha`) VALUES (40, 'God of War.jpg', 'Ejercicios', 20, 'Administrador', 'A seguir trabajando', 1093649 , '2019-10-21 17:45:03');
INSERT INTO `archivos`(`id`, `nombreArchivo`, `categoria`, `asignatura`, `autor`, `observaciones`, `tamano`, `fecha`) VALUES (41, 'Proyecto final.pdf', 'Teoría', 21, 'ViniciusJr', 'E seguimos trabalhando...', 38906 , '2016-11-01 17:45:03');
INSERT INTO `archivos`(`id`, `nombreArchivo`, `categoria`, `asignatura`, `autor`, `observaciones`, `tamano`, `fecha`) VALUES (42, 'Herramientas Forenses.pdf', 'Ejercicios', 21, 'Administrador', 'A seguir trabajando', 1190818 , '2019-10-21 17:45:03');
INSERT INTO `archivos`(`id`, `nombreArchivo`, `categoria`, `asignatura`, `autor`, `observaciones`, `tamano`, `fecha`) VALUES (43, 'Vulnerabilidades.pdf', 'Exámenes', 22, 'Enriqueta123', 'Lets work', 1058120 , '2018-04-10 17:45:03');
INSERT INTO `archivos`(`id`, `nombreArchivo`, `categoria`, `asignatura`, `autor`, `observaciones`, `tamano`, `fecha`) VALUES (44, 'Memoria.pdf', 'Prácticas', 22, 'ViniciusJr', 'A por ello', 345937 , '2019-03-09 17:45:03');
INSERT INTO `archivos`(`id`, `nombreArchivo`, `categoria`, `asignatura`, `autor`, `observaciones`, `tamano`, `fecha`) VALUES (45, 'Evidencias Auditoría.pdf', 'Teoría', 23, 'ViniciusJr', 'E seguimos trabalhando...', 68424 , '2016-11-01 17:45:03');
INSERT INTO `archivos`(`id`, `nombreArchivo`, `categoria`, `asignatura`, `autor`, `observaciones`, `tamano`, `fecha`) VALUES (46, 'Capacidad y Madurez.pdf', 'Ejercicios', 23, 'Administrador', 'A seguir trabajando', 498502 , '2019-10-21 17:45:03');
INSERT INTO `archivos`(`id`, `nombreArchivo`, `categoria`, `asignatura`, `autor`, `observaciones`, `tamano`, `fecha`) VALUES (47, 'Zidane.jpg', 'Exámenes', 24, 'Enriqueta123', 'Lets work', 101724 , '2018-04-10 17:45:03');
INSERT INTO `archivos`(`id`, `nombreArchivo`, `categoria`, `asignatura`, `autor`, `observaciones`, `tamano`, `fecha`) VALUES (48, 'Vinicius.jpg', 'Prácticas', 24, 'ViniciusJr', 'A por ello', 22687 , '2019-03-09 17:45:03');
INSERT INTO `archivos`(`id`, `nombreArchivo`, `categoria`, `asignatura`, `autor`, `observaciones`, `tamano`, `fecha`) VALUES (49, 'Assassins Creed.jpg', 'Teoría', 25, 'ViniciusJr', 'E seguimos trabalhando...', 26658 , '2016-11-01 17:45:03');
INSERT INTO `archivos`(`id`, `nombreArchivo`, `categoria`, `asignatura`, `autor`, `observaciones`, `tamano`, `fecha`) VALUES (50, 'God of War.jpg', 'Ejercicios', 25, 'Administrador', 'A seguir trabajando', 1093649 , '2019-10-21 17:45:03');
INSERT INTO `archivos`(`id`, `nombreArchivo`, `categoria`, `asignatura`, `autor`, `observaciones`, `tamano`, `fecha`) VALUES (51, 'Proyecto final.pdf', 'Teoría', 26, 'ViniciusJr', 'E seguimos trabalhando...', 38906 , '2016-11-01 17:45:03');
INSERT INTO `archivos`(`id`, `nombreArchivo`, `categoria`, `asignatura`, `autor`, `observaciones`, `tamano`, `fecha`) VALUES (52, 'Herramientas Forenses.pdf', 'Ejercicios', 26, 'Administrador', 'A seguir trabajando', 1190818 , '2019-10-21 17:45:03');
INSERT INTO `archivos`(`id`, `nombreArchivo`, `categoria`, `asignatura`, `autor`, `observaciones`, `tamano`, `fecha`) VALUES (53, 'Vulnerabilidades.pdf', 'Exámenes', 27, 'Enriqueta123', 'Lets work', 1058120 , '2018-04-10 17:45:03');
INSERT INTO `archivos`(`id`, `nombreArchivo`, `categoria`, `asignatura`, `autor`, `observaciones`, `tamano`, `fecha`) VALUES (54, 'Memoria.pdf', 'Prácticas', 27, 'ViniciusJr', 'A por ello', 345937 , '2019-03-09 17:45:03');
INSERT INTO `archivos`(`id`, `nombreArchivo`, `categoria`, `asignatura`, `autor`, `observaciones`, `tamano`, `fecha`) VALUES (55, 'Evidencias Auditoría.pdf', 'Teoría', 28, 'ViniciusJr', 'E seguimos trabalhando...', 68424 , '2016-11-01 17:45:03');
INSERT INTO `archivos`(`id`, `nombreArchivo`, `categoria`, `asignatura`, `autor`, `observaciones`, `tamano`, `fecha`) VALUES (56, 'Capacidad y Madurez.pdf', 'Ejercicios', 28, 'Administrador', 'A seguir trabajando', 498502 , '2019-10-21 17:45:03');
INSERT INTO `archivos`(`id`, `nombreArchivo`, `categoria`, `asignatura`, `autor`, `observaciones`, `tamano`, `fecha`) VALUES (57, 'Zidane.jpg', 'Exámenes', 29, 'Enriqueta123', 'Lets work', 101724 , '2018-04-10 17:45:03');
INSERT INTO `archivos`(`id`, `nombreArchivo`, `categoria`, `asignatura`, `autor`, `observaciones`, `tamano`, `fecha`) VALUES (58, 'Vinicius.jpg', 'Prácticas', 29, 'ViniciusJr', 'A por ello', 22687 , '2019-03-09 17:45:03');
INSERT INTO `archivos`(`id`, `nombreArchivo`, `categoria`, `asignatura`, `autor`, `observaciones`, `tamano`, `fecha`) VALUES (59, 'Assassins Creed.jpg', 'Teoría', 30, 'ViniciusJr', 'E seguimos trabalhando...', 26658 , '2016-11-01 17:45:03');
INSERT INTO `archivos`(`id`, `nombreArchivo`, `categoria`, `asignatura`, `autor`, `observaciones`, `tamano`, `fecha`) VALUES (60, 'God of War.jpg', 'Ejercicios', 30, 'Administrador', 'A seguir trabajando', 1093649 , '2019-10-21 17:45:03');
INSERT INTO `archivos`(`id`, `nombreArchivo`, `categoria`, `asignatura`, `autor`, `observaciones`, `tamano`, `fecha`) VALUES (61, 'Proyecto final.pdf', 'Teoría', 31, 'ViniciusJr', 'E seguimos trabalhando...', 38906 , '2016-11-01 17:45:03');
INSERT INTO `archivos`(`id`, `nombreArchivo`, `categoria`, `asignatura`, `autor`, `observaciones`, `tamano`, `fecha`) VALUES (62, 'Herramientas Forenses.pdf', 'Ejercicios', 31, 'Administrador', 'A seguir trabajando', 1190818 , '2019-10-21 17:45:03');
INSERT INTO `archivos`(`id`, `nombreArchivo`, `categoria`, `asignatura`, `autor`, `observaciones`, `tamano`, `fecha`) VALUES (63, 'Vulnerabilidades.pdf', 'Exámenes', 32, 'Enriqueta123', 'Lets work', 1058120 , '2018-04-10 17:45:03');
INSERT INTO `archivos`(`id`, `nombreArchivo`, `categoria`, `asignatura`, `autor`, `observaciones`, `tamano`, `fecha`) VALUES (64, 'Memoria.pdf', 'Prácticas', 32, 'ViniciusJr', 'A por ello', 345937 , '2019-03-09 17:45:03');
INSERT INTO `archivos`(`id`, `nombreArchivo`, `categoria`, `asignatura`, `autor`, `observaciones`, `tamano`, `fecha`) VALUES (65, 'Evidencias Auditoría.pdf', 'Teoría', 33, 'ViniciusJr', 'E seguimos trabalhando...', 68424 , '2016-11-01 17:45:03');
INSERT INTO `archivos`(`id`, `nombreArchivo`, `categoria`, `asignatura`, `autor`, `observaciones`, `tamano`, `fecha`) VALUES (66, 'Capacidad y Madurez.pdf', 'Ejercicios', 33, 'Administrador', 'A seguir trabajando', 498502 , '2019-10-21 17:45:03');
INSERT INTO `archivos`(`id`, `nombreArchivo`, `categoria`, `asignatura`, `autor`, `observaciones`, `tamano`, `fecha`) VALUES (67, 'Zidane.jpg', 'Exámenes', 34, 'Enriqueta123', 'Lets work', 101724 , '2018-04-10 17:45:03');
INSERT INTO `archivos`(`id`, `nombreArchivo`, `categoria`, `asignatura`, `autor`, `observaciones`, `tamano`, `fecha`) VALUES (68, 'Vinicius.jpg', 'Prácticas', 34, 'ViniciusJr', 'A por ello', 22687 , '2019-03-09 17:45:03');
INSERT INTO `archivos`(`id`, `nombreArchivo`, `categoria`, `asignatura`, `autor`, `observaciones`, `tamano`, `fecha`) VALUES (69, 'Assassins Creed.jpg', 'Teoría', 35, 'ViniciusJr', 'E seguimos trabalhando...', 26658 , '2016-11-01 17:45:03');
INSERT INTO `archivos`(`id`, `nombreArchivo`, `categoria`, `asignatura`, `autor`, `observaciones`, `tamano`, `fecha`) VALUES (70, 'God of War.jpg', 'Ejercicios', 35, 'Administrador', 'A seguir trabajando', 1093649 , '2019-10-21 17:45:03');
INSERT INTO `archivos`(`id`, `nombreArchivo`, `categoria`, `asignatura`, `autor`, `observaciones`, `tamano`, `fecha`) VALUES (71, 'Proyecto final.pdf', 'Teoría', 36, 'ViniciusJr', 'E seguimos trabalhando...', 38906 , '2016-11-01 17:45:03');
INSERT INTO `archivos`(`id`, `nombreArchivo`, `categoria`, `asignatura`, `autor`, `observaciones`, `tamano`, `fecha`) VALUES (72, 'Herramientas Forenses.pdf', 'Ejercicios', 36, 'Administrador', 'A seguir trabajando', 1190818 , '2019-10-21 17:45:03');
INSERT INTO `archivos`(`id`, `nombreArchivo`, `categoria`, `asignatura`, `autor`, `observaciones`, `tamano`, `fecha`) VALUES (73, 'Vulnerabilidades.pdf', 'Exámenes', 37, 'Enriqueta123', 'Lets work', 1058120 , '2018-04-10 17:45:03');
INSERT INTO `archivos`(`id`, `nombreArchivo`, `categoria`, `asignatura`, `autor`, `observaciones`, `tamano`, `fecha`) VALUES (74, 'Memoria.pdf', 'Prácticas', 37, 'ViniciusJr', 'A por ello', 345937 , '2019-03-09 17:45:03');
INSERT INTO `archivos`(`id`, `nombreArchivo`, `categoria`, `asignatura`, `autor`, `observaciones`, `tamano`, `fecha`) VALUES (75, 'Evidencias Auditoría.pdf', 'Teoría', 38, 'ViniciusJr', 'E seguimos trabalhando...', 68424 , '2016-11-01 17:45:03');
INSERT INTO `archivos`(`id`, `nombreArchivo`, `categoria`, `asignatura`, `autor`, `observaciones`, `tamano`, `fecha`) VALUES (76, 'Capacidad y Madurez.pdf', 'Ejercicios', 38, 'Administrador', 'A seguir trabajando', 498502 , '2019-10-21 17:45:03');
INSERT INTO `archivos`(`id`, `nombreArchivo`, `categoria`, `asignatura`, `autor`, `observaciones`, `tamano`, `fecha`) VALUES (77, 'Zidane.jpg', 'Exámenes', 39, 'Enriqueta123', 'Lets work', 101724 , '2018-04-10 17:45:03');
INSERT INTO `archivos`(`id`, `nombreArchivo`, `categoria`, `asignatura`, `autor`, `observaciones`, `tamano`, `fecha`) VALUES (78, 'Vinicius.jpg', 'Prácticas', 39, 'ViniciusJr', 'A por ello', 22687 , '2019-03-09 17:45:03');
INSERT INTO `archivos`(`id`, `nombreArchivo`, `categoria`, `asignatura`, `autor`, `observaciones`, `tamano`, `fecha`) VALUES (79, 'Assassins Creed.jpg', 'Teoría', 40, 'ViniciusJr', 'E seguimos trabalhando...', 26658 , '2016-11-01 17:45:03');
INSERT INTO `archivos`(`id`, `nombreArchivo`, `categoria`, `asignatura`, `autor`, `observaciones`, `tamano`, `fecha`) VALUES (80, 'God of War.jpg', 'Ejercicios', 40, 'Administrador', 'A seguir trabajando', 1093649 , '2019-10-21 17:45:03');
INSERT INTO `archivos`(`id`, `nombreArchivo`, `categoria`, `asignatura`, `autor`, `observaciones`, `tamano`, `fecha`) VALUES (81, 'Proyecto final.pdf', 'Teoría', 41, 'ViniciusJr', 'E seguimos trabalhando...', 38906 , '2016-11-01 17:45:03');
INSERT INTO `archivos`(`id`, `nombreArchivo`, `categoria`, `asignatura`, `autor`, `observaciones`, `tamano`, `fecha`) VALUES (82, 'Herramientas Forenses.pdf', 'Ejercicios', 41, 'Administrador', 'A seguir trabajando', 1190818 , '2019-10-21 17:45:03');
INSERT INTO `archivos`(`id`, `nombreArchivo`, `categoria`, `asignatura`, `autor`, `observaciones`, `tamano`, `fecha`) VALUES (83, 'Vulnerabilidades.pdf', 'Exámenes', 42, 'Enriqueta123', 'Lets work', 1058120 , '2018-04-10 17:45:03');
INSERT INTO `archivos`(`id`, `nombreArchivo`, `categoria`, `asignatura`, `autor`, `observaciones`, `tamano`, `fecha`) VALUES (84, 'Memoria.pdf', 'Prácticas', 42, 'ViniciusJr', 'A por ello', 345937 , '2019-03-09 17:45:03');
INSERT INTO `archivos`(`id`, `nombreArchivo`, `categoria`, `asignatura`, `autor`, `observaciones`, `tamano`, `fecha`) VALUES (85, 'Evidencias Auditoría.pdf', 'Teoría', 43, 'ViniciusJr', 'E seguimos trabalhando...', 68424 , '2016-11-01 17:45:03');
INSERT INTO `archivos`(`id`, `nombreArchivo`, `categoria`, `asignatura`, `autor`, `observaciones`, `tamano`, `fecha`) VALUES (86, 'Capacidad y Madurez.pdf', 'Ejercicios', 43, 'Administrador', 'A seguir trabajando', 498502 , '2019-10-21 17:45:03');
INSERT INTO `archivos`(`id`, `nombreArchivo`, `categoria`, `asignatura`, `autor`, `observaciones`, `tamano`, `fecha`) VALUES (87, 'Zidane.jpg', 'Exámenes', 44, 'Enriqueta123', 'Lets work', 101724 , '2018-04-10 17:45:03');
INSERT INTO `archivos`(`id`, `nombreArchivo`, `categoria`, `asignatura`, `autor`, `observaciones`, `tamano`, `fecha`) VALUES (88, 'Vinicius.jpg', 'Prácticas', 44, 'ViniciusJr', 'A por ello', 22687 , '2019-03-09 17:45:03');
INSERT INTO `archivos`(`id`, `nombreArchivo`, `categoria`, `asignatura`, `autor`, `observaciones`, `tamano`, `fecha`) VALUES (89, 'Assassins Creed.jpg', 'Teoría', 45, 'ViniciusJr', 'E seguimos trabalhando...', 26658 , '2016-11-01 17:45:03');
INSERT INTO `archivos`(`id`, `nombreArchivo`, `categoria`, `asignatura`, `autor`, `observaciones`, `tamano`, `fecha`) VALUES (90, 'God of War.jpg', 'Ejercicios', 45, 'Administrador', 'A seguir trabajando', 1093649 , '2019-10-21 17:45:03');
INSERT INTO `archivos`(`id`, `nombreArchivo`, `categoria`, `asignatura`, `autor`, `observaciones`, `tamano`, `fecha`) VALUES (91, 'Proyecto final.pdf', 'Teoría', 46, 'ViniciusJr', 'E seguimos trabalhando...', 38906 , '2016-11-01 17:45:03');
INSERT INTO `archivos`(`id`, `nombreArchivo`, `categoria`, `asignatura`, `autor`, `observaciones`, `tamano`, `fecha`) VALUES (92, 'Herramientas Forenses.pdf', 'Ejercicios', 46, 'Administrador', 'A seguir trabajando', 1190818 , '2019-10-21 17:45:03');
INSERT INTO `archivos`(`id`, `nombreArchivo`, `categoria`, `asignatura`, `autor`, `observaciones`, `tamano`, `fecha`) VALUES (93, 'Vulnerabilidades.pdf', 'Exámenes', 47, 'Enriqueta123', 'Lets work', 1058120 , '2018-04-10 17:45:03');
INSERT INTO `archivos`(`id`, `nombreArchivo`, `categoria`, `asignatura`, `autor`, `observaciones`, `tamano`, `fecha`) VALUES (94, 'Memoria.pdf', 'Prácticas', 47, 'ViniciusJr', 'A por ello', 345937 , '2019-03-09 17:45:03');
INSERT INTO `archivos`(`id`, `nombreArchivo`, `categoria`, `asignatura`, `autor`, `observaciones`, `tamano`, `fecha`) VALUES (95, 'Evidencias Auditoría.pdf', 'Teoría', 48, 'ViniciusJr', 'E seguimos trabalhando...', 68424 , '2016-11-01 17:45:03');
INSERT INTO `archivos`(`id`, `nombreArchivo`, `categoria`, `asignatura`, `autor`, `observaciones`, `tamano`, `fecha`) VALUES (96, 'Capacidad y Madurez.pdf', 'Ejercicios', 48, 'Administrador', 'A seguir trabajando', 498502 , '2019-10-21 17:45:03');
INSERT INTO `archivos`(`id`, `nombreArchivo`, `categoria`, `asignatura`, `autor`, `observaciones`, `tamano`, `fecha`) VALUES (97, 'Zidane.jpg', 'Exámenes', 49, 'Enriqueta123', 'Lets work', 101724 , '2018-04-10 17:45:03');
INSERT INTO `archivos`(`id`, `nombreArchivo`, `categoria`, `asignatura`, `autor`, `observaciones`, `tamano`, `fecha`) VALUES (98, 'Vinicius.jpg', 'Prácticas', 49, 'ViniciusJr', 'A por ello', 22687 , '2019-03-09 17:45:03');
INSERT INTO `archivos`(`id`, `nombreArchivo`, `categoria`, `asignatura`, `autor`, `observaciones`, `tamano`, `fecha`) VALUES (99, 'Assassins Creed.jpg', 'Teoría', 50, 'ViniciusJr', 'E seguimos trabalhando...', 26658 , '2016-11-01 17:45:03');
INSERT INTO `archivos`(`id`, `nombreArchivo`, `categoria`, `asignatura`, `autor`, `observaciones`, `tamano`, `fecha`) VALUES (100, 'God of War.jpg', 'Ejercicios', 50, 'Administrador', 'A seguir trabajando', 1093649 , '2019-10-21 17:45:03');
INSERT INTO `archivos`(`id`, `nombreArchivo`, `categoria`, `asignatura`, `autor`, `observaciones`, `tamano`, `fecha`) VALUES (101, 'Proyecto final.pdf', 'Teoría', 51, 'ViniciusJr', 'E seguimos trabalhando...', 38906 , '2016-11-01 17:45:03');
INSERT INTO `archivos`(`id`, `nombreArchivo`, `categoria`, `asignatura`, `autor`, `observaciones`, `tamano`, `fecha`) VALUES (102, 'Herramientas Forenses.pdf', 'Ejercicios', 51, 'Administrador', 'A seguir trabajando', 1190818 , '2019-10-21 17:45:03');
INSERT INTO `archivos`(`id`, `nombreArchivo`, `categoria`, `asignatura`, `autor`, `observaciones`, `tamano`, `fecha`) VALUES (103, 'Vulnerabilidades.pdf', 'Exámenes', 52, 'Enriqueta123', 'Lets work', 1058120 , '2018-04-10 17:45:03');
INSERT INTO `archivos`(`id`, `nombreArchivo`, `categoria`, `asignatura`, `autor`, `observaciones`, `tamano`, `fecha`) VALUES (104, 'Memoria.pdf', 'Prácticas', 52, 'ViniciusJr', 'A por ello', 345937 , '2019-03-09 17:45:03');
INSERT INTO `archivos`(`id`, `nombreArchivo`, `categoria`, `asignatura`, `autor`, `observaciones`, `tamano`, `fecha`) VALUES (105, 'Evidencias Auditoría.pdf', 'Teoría', 53, 'ViniciusJr', 'E seguimos trabalhando...', 68424 , '2016-11-01 17:45:03');
INSERT INTO `archivos`(`id`, `nombreArchivo`, `categoria`, `asignatura`, `autor`, `observaciones`, `tamano`, `fecha`) VALUES (106, 'Capacidad y Madurez.pdf', 'Ejercicios', 53, 'Administrador', 'A seguir trabajando', 498502 , '2019-10-21 17:45:03');
INSERT INTO `archivos`(`id`, `nombreArchivo`, `categoria`, `asignatura`, `autor`, `observaciones`, `tamano`, `fecha`) VALUES (107, 'Zidane.jpg', 'Exámenes', 54, 'Enriqueta123', 'Lets work', 101724 , '2018-04-10 17:45:03');
INSERT INTO `archivos`(`id`, `nombreArchivo`, `categoria`, `asignatura`, `autor`, `observaciones`, `tamano`, `fecha`) VALUES (108, 'Vinicius.jpg', 'Prácticas', 54, 'ViniciusJr', 'A por ello', 22687 , '2019-03-09 17:45:03');
INSERT INTO `archivos`(`id`, `nombreArchivo`, `categoria`, `asignatura`, `autor`, `observaciones`, `tamano`, `fecha`) VALUES (109, 'Assassins Creed.jpg', 'Teoría', 55, 'ViniciusJr', 'E seguimos trabalhando...', 26658 , '2016-11-01 17:45:03');
INSERT INTO `archivos`(`id`, `nombreArchivo`, `categoria`, `asignatura`, `autor`, `observaciones`, `tamano`, `fecha`) VALUES (110, 'God of War.jpg', 'Ejercicios', 55, 'Administrador', 'A seguir trabajando', 1093649 , '2019-10-21 17:45:03');
INSERT INTO `archivos`(`id`, `nombreArchivo`, `categoria`, `asignatura`, `autor`, `observaciones`, `tamano`, `fecha`) VALUES (111, 'Proyecto final.pdf', 'Teoría', 56, 'ViniciusJr', 'E seguimos trabalhando...', 38906 , '2016-11-01 17:45:03');
INSERT INTO `archivos`(`id`, `nombreArchivo`, `categoria`, `asignatura`, `autor`, `observaciones`, `tamano`, `fecha`) VALUES (112, 'Herramientas Forenses.pdf', 'Ejercicios', 56, 'Administrador', 'A seguir trabajando', 1190818 , '2019-10-21 17:45:03');
INSERT INTO `archivos`(`id`, `nombreArchivo`, `categoria`, `asignatura`, `autor`, `observaciones`, `tamano`, `fecha`) VALUES (113, 'Vulnerabilidades.pdf', 'Exámenes', 57, 'Enriqueta123', 'Lets work', 1058120 , '2018-04-10 17:45:03');
INSERT INTO `archivos`(`id`, `nombreArchivo`, `categoria`, `asignatura`, `autor`, `observaciones`, `tamano`, `fecha`) VALUES (114, 'Memoria.pdf', 'Prácticas', 57, 'ViniciusJr', 'A por ello', 345937 , '2019-03-09 17:45:03');
INSERT INTO `archivos`(`id`, `nombreArchivo`, `categoria`, `asignatura`, `autor`, `observaciones`, `tamano`, `fecha`) VALUES (115, 'Evidencias Auditoría.pdf', 'Teoría', 58, 'ViniciusJr', 'E seguimos trabalhando...', 68424 , '2016-11-01 17:45:03');
INSERT INTO `archivos`(`id`, `nombreArchivo`, `categoria`, `asignatura`, `autor`, `observaciones`, `tamano`, `fecha`) VALUES (116, 'Capacidad y Madurez.pdf', 'Ejercicios', 58, 'Administrador', 'A seguir trabajando', 498502 , '2019-10-21 17:45:03');
INSERT INTO `archivos`(`id`, `nombreArchivo`, `categoria`, `asignatura`, `autor`, `observaciones`, `tamano`, `fecha`) VALUES (117, 'Zidane.jpg', 'Exámenes', 59, 'Enriqueta123', 'Lets work', 101724 , '2018-04-10 17:45:03');
INSERT INTO `archivos`(`id`, `nombreArchivo`, `categoria`, `asignatura`, `autor`, `observaciones`, `tamano`, `fecha`) VALUES (118, 'Vinicius.jpg', 'Prácticas', 59, 'ViniciusJr', 'A por ello', 22687 , '2019-03-09 17:45:03');
INSERT INTO `archivos`(`id`, `nombreArchivo`, `categoria`, `asignatura`, `autor`, `observaciones`, `tamano`, `fecha`) VALUES (119, 'Assassins Creed.jpg', 'Teoría', 60, 'ViniciusJr', 'E seguimos trabalhando...', 26658 , '2016-11-01 17:45:03');
INSERT INTO `archivos`(`id`, `nombreArchivo`, `categoria`, `asignatura`, `autor`, `observaciones`, `tamano`, `fecha`) VALUES (120, 'God of War.jpg', 'Ejercicios', 60, 'Administrador', 'A seguir trabajando', 1093649 , '2019-10-21 17:45:03');
INSERT INTO `archivos`(`id`, `nombreArchivo`, `categoria`, `asignatura`, `autor`, `observaciones`, `tamano`, `fecha`) VALUES (121, 'Proyecto final.pdf', 'Teoría', 61, 'ViniciusJr', 'E seguimos trabalhando...', 38906 , '2016-11-01 17:45:03');
INSERT INTO `archivos`(`id`, `nombreArchivo`, `categoria`, `asignatura`, `autor`, `observaciones`, `tamano`, `fecha`) VALUES (122, 'Herramientas Forenses.pdf', 'Ejercicios', 61, 'Administrador', 'A seguir trabajando', 1190818 , '2019-10-21 17:45:03');
INSERT INTO `archivos`(`id`, `nombreArchivo`, `categoria`, `asignatura`, `autor`, `observaciones`, `tamano`, `fecha`) VALUES (123, 'Vulnerabilidades.pdf', 'Exámenes', 62, 'Enriqueta123', 'Lets work', 1058120 , '2018-04-10 17:45:03');
INSERT INTO `archivos`(`id`, `nombreArchivo`, `categoria`, `asignatura`, `autor`, `observaciones`, `tamano`, `fecha`) VALUES (124, 'Memoria.pdf', 'Prácticas', 62, 'ViniciusJr', 'A por ello', 345937 , '2019-03-09 17:45:03');
INSERT INTO `archivos`(`id`, `nombreArchivo`, `categoria`, `asignatura`, `autor`, `observaciones`, `tamano`, `fecha`) VALUES (125, 'Evidencias Auditoría.pdf', 'Teoría', 63, 'ViniciusJr', 'E seguimos trabalhando...', 68424 , '2016-11-01 17:45:03');
INSERT INTO `archivos`(`id`, `nombreArchivo`, `categoria`, `asignatura`, `autor`, `observaciones`, `tamano`, `fecha`) VALUES (126, 'Capacidad y Madurez.pdf', 'Ejercicios', 63, 'Administrador', 'A seguir trabajando', 498502 , '2019-10-21 17:45:03');
INSERT INTO `archivos`(`id`, `nombreArchivo`, `categoria`, `asignatura`, `autor`, `observaciones`, `tamano`, `fecha`) VALUES (127, 'Zidane.jpg', 'Exámenes', 64, 'Enriqueta123', 'Lets work', 101724 , '2018-04-10 17:45:03');
INSERT INTO `archivos`(`id`, `nombreArchivo`, `categoria`, `asignatura`, `autor`, `observaciones`, `tamano`, `fecha`) VALUES (128, 'Vinicius.jpg', 'Prácticas', 64, 'ViniciusJr', 'A por ello', 22687 , '2019-03-09 17:45:03');
INSERT INTO `archivos`(`id`, `nombreArchivo`, `categoria`, `asignatura`, `autor`, `observaciones`, `tamano`, `fecha`) VALUES (129, 'Assassins Creed.jpg', 'Teoría', 65, 'ViniciusJr', 'E seguimos trabalhando...', 26658 , '2016-11-01 17:45:03');
INSERT INTO `archivos`(`id`, `nombreArchivo`, `categoria`, `asignatura`, `autor`, `observaciones`, `tamano`, `fecha`) VALUES (130, 'God of War.jpg', 'Ejercicios', 65, 'Administrador', 'A seguir trabajando', 1093649 , '2019-10-21 17:45:03');
INSERT INTO `archivos`(`id`, `nombreArchivo`, `categoria`, `asignatura`, `autor`, `observaciones`, `tamano`, `fecha`) VALUES (131, 'Proyecto final.pdf', 'Teoría', 66, 'ViniciusJr', 'E seguimos trabalhando...', 38906 , '2016-11-01 17:45:03');
INSERT INTO `archivos`(`id`, `nombreArchivo`, `categoria`, `asignatura`, `autor`, `observaciones`, `tamano`, `fecha`) VALUES (132, 'Herramientas Forenses.pdf', 'Ejercicios', 66, 'Administrador', 'A seguir trabajando', 1190818 , '2019-10-21 17:45:03');
INSERT INTO `archivos`(`id`, `nombreArchivo`, `categoria`, `asignatura`, `autor`, `observaciones`, `tamano`, `fecha`) VALUES (133, 'Vulnerabilidades.pdf', 'Exámenes', 67, 'Enriqueta123', 'Lets work', 1058120 , '2018-04-10 17:45:03');
INSERT INTO `archivos`(`id`, `nombreArchivo`, `categoria`, `asignatura`, `autor`, `observaciones`, `tamano`, `fecha`) VALUES (134, 'Memoria.pdf', 'Prácticas', 67, 'ViniciusJr', 'A por ello', 345937 , '2019-03-09 17:45:03');
INSERT INTO `archivos`(`id`, `nombreArchivo`, `categoria`, `asignatura`, `autor`, `observaciones`, `tamano`, `fecha`) VALUES (135, 'Evidencias Auditoría.pdf', 'Teoría', 68, 'ViniciusJr', 'E seguimos trabalhando...', 68424 , '2016-11-01 17:45:03');
INSERT INTO `archivos`(`id`, `nombreArchivo`, `categoria`, `asignatura`, `autor`, `observaciones`, `tamano`, `fecha`) VALUES (136, 'Capacidad y Madurez.pdf', 'Ejercicios', 68, 'Administrador', 'A seguir trabajando', 498502 , '2019-10-21 17:45:03');
INSERT INTO `archivos`(`id`, `nombreArchivo`, `categoria`, `asignatura`, `autor`, `observaciones`, `tamano`, `fecha`) VALUES (137, 'Zidane.jpg', 'Exámenes', 69, 'Enriqueta123', 'Lets work', 101724 , '2018-04-10 17:45:03');
INSERT INTO `archivos`(`id`, `nombreArchivo`, `categoria`, `asignatura`, `autor`, `observaciones`, `tamano`, `fecha`) VALUES (138, 'Vinicius.jpg', 'Prácticas', 69, 'ViniciusJr', 'A por ello', 22687 , '2019-03-09 17:45:03');
INSERT INTO `archivos`(`id`, `nombreArchivo`, `categoria`, `asignatura`, `autor`, `observaciones`, `tamano`, `fecha`) VALUES (139, 'Assassins Creed.jpg', 'Teoría', 70, 'ViniciusJr', 'E seguimos trabalhando...', 26658 , '2016-11-01 17:45:03');
INSERT INTO `archivos`(`id`, `nombreArchivo`, `categoria`, `asignatura`, `autor`, `observaciones`, `tamano`, `fecha`) VALUES (140, 'God of War.jpg', 'Ejercicios', 70, 'Administrador', 'A seguir trabajando', 1093649 , '2019-10-21 17:45:03');
INSERT INTO `archivos`(`id`, `nombreArchivo`, `categoria`, `asignatura`, `autor`, `observaciones`, `tamano`, `fecha`) VALUES (141, 'Proyecto final.pdf', 'Teoría', 71, 'ViniciusJr', 'E seguimos trabalhando...', 38906 , '2016-11-01 17:45:03');
INSERT INTO `archivos`(`id`, `nombreArchivo`, `categoria`, `asignatura`, `autor`, `observaciones`, `tamano`, `fecha`) VALUES (142, 'Herramientas Forenses.pdf', 'Ejercicios', 71, 'Administrador', 'A seguir trabajando', 1190818 , '2019-10-21 17:45:03');
INSERT INTO `archivos`(`id`, `nombreArchivo`, `categoria`, `asignatura`, `autor`, `observaciones`, `tamano`, `fecha`) VALUES (143, 'Vulnerabilidades.pdf', 'Exámenes', 72, 'Enriqueta123', 'Lets work', 1058120 , '2018-04-10 17:45:03');
INSERT INTO `archivos`(`id`, `nombreArchivo`, `categoria`, `asignatura`, `autor`, `observaciones`, `tamano`, `fecha`) VALUES (144, 'Memoria.pdf', 'Prácticas', 72, 'ViniciusJr', 'A por ello', 345937 , '2019-03-09 17:45:03');
INSERT INTO `archivos`(`id`, `nombreArchivo`, `categoria`, `asignatura`, `autor`, `observaciones`, `tamano`, `fecha`) VALUES (145, 'Evidencias Auditoría.pdf', 'Teoría', 73, 'ViniciusJr', 'E seguimos trabalhando...', 68424 , '2016-11-01 17:45:03');
INSERT INTO `archivos`(`id`, `nombreArchivo`, `categoria`, `asignatura`, `autor`, `observaciones`, `tamano`, `fecha`) VALUES (146, 'Capacidad y Madurez.pdf', 'Ejercicios', 73, 'Administrador', 'A seguir trabajando', 498502 , '2019-10-21 17:45:03');
INSERT INTO `archivos`(`id`, `nombreArchivo`, `categoria`, `asignatura`, `autor`, `observaciones`, `tamano`, `fecha`) VALUES (147, 'Zidane.jpg', 'Exámenes', 74, 'Enriqueta123', 'Lets work', 101724 , '2018-04-10 17:45:03');
INSERT INTO `archivos`(`id`, `nombreArchivo`, `categoria`, `asignatura`, `autor`, `observaciones`, `tamano`, `fecha`) VALUES (148, 'Vinicius.jpg', 'Prácticas', 74, 'ViniciusJr', 'A por ello', 22687 , '2019-03-09 17:45:03');
INSERT INTO `archivos`(`id`, `nombreArchivo`, `categoria`, `asignatura`, `autor`, `observaciones`, `tamano`, `fecha`) VALUES (149, 'Assassins Creed.jpg', 'Teoría', 75, 'ViniciusJr', 'E seguimos trabalhando...', 26658 , '2016-11-01 17:45:03');
INSERT INTO `archivos`(`id`, `nombreArchivo`, `categoria`, `asignatura`, `autor`, `observaciones`, `tamano`, `fecha`) VALUES (150, 'God of War.jpg', 'Ejercicios', 75, 'Administrador', 'A seguir trabajando', 1093649 , '2019-10-21 17:45:03');
INSERT INTO `archivos`(`id`, `nombreArchivo`, `categoria`, `asignatura`, `autor`, `observaciones`, `tamano`, `fecha`) VALUES (151, 'Proyecto final.pdf', 'Teoría', 76, 'ViniciusJr', 'E seguimos trabalhando...', 38906 , '2016-11-01 17:45:03');
INSERT INTO `archivos`(`id`, `nombreArchivo`, `categoria`, `asignatura`, `autor`, `observaciones`, `tamano`, `fecha`) VALUES (152, 'Herramientas Forenses.pdf', 'Ejercicios', 76, 'Administrador', 'A seguir trabajando', 1190818 , '2019-10-21 17:45:03');
INSERT INTO `archivos`(`id`, `nombreArchivo`, `categoria`, `asignatura`, `autor`, `observaciones`, `tamano`, `fecha`) VALUES (153, 'Vulnerabilidades.pdf', 'Exámenes', 77, 'Enriqueta123', 'Lets work', 1058120 , '2018-04-10 17:45:03');
INSERT INTO `archivos`(`id`, `nombreArchivo`, `categoria`, `asignatura`, `autor`, `observaciones`, `tamano`, `fecha`) VALUES (154, 'Memoria.pdf', 'Prácticas', 77, 'ViniciusJr', 'A por ello', 345937 , '2019-03-09 17:45:03');
INSERT INTO `archivos`(`id`, `nombreArchivo`, `categoria`, `asignatura`, `autor`, `observaciones`, `tamano`, `fecha`) VALUES (155, 'Evidencias Auditoría.pdf', 'Teoría', 78, 'ViniciusJr', 'E seguimos trabalhando...', 68424 , '2016-11-01 17:45:03');
INSERT INTO `archivos`(`id`, `nombreArchivo`, `categoria`, `asignatura`, `autor`, `observaciones`, `tamano`, `fecha`) VALUES (156, 'Capacidad y Madurez.pdf', 'Ejercicios', 78, 'Administrador', 'A seguir trabajando', 498502 , '2019-10-21 17:45:03');
INSERT INTO `archivos`(`id`, `nombreArchivo`, `categoria`, `asignatura`, `autor`, `observaciones`, `tamano`, `fecha`) VALUES (157, 'Zidane.jpg', 'Exámenes', 79, 'Enriqueta123', 'Lets work', 101724 , '2018-04-10 17:45:03');
INSERT INTO `archivos`(`id`, `nombreArchivo`, `categoria`, `asignatura`, `autor`, `observaciones`, `tamano`, `fecha`) VALUES (158, 'Vinicius.jpg', 'Prácticas', 79, 'ViniciusJr', 'A por ello', 22687 , '2019-03-09 17:45:03');
INSERT INTO `archivos`(`id`, `nombreArchivo`, `categoria`, `asignatura`, `autor`, `observaciones`, `tamano`, `fecha`) VALUES (159, 'Assassins Creed.jpg', 'Teoría', 80, 'ViniciusJr', 'E seguimos trabalhando...', 26658 , '2016-11-01 17:45:03');
INSERT INTO `archivos`(`id`, `nombreArchivo`, `categoria`, `asignatura`, `autor`, `observaciones`, `tamano`, `fecha`) VALUES (160, 'God of War.jpg', 'Ejercicios', 80, 'Administrador', 'A seguir trabajando', 1093649 , '2019-10-21 17:45:03');
INSERT INTO `archivos`(`id`, `nombreArchivo`, `categoria`, `asignatura`, `autor`, `observaciones`, `tamano`, `fecha`) VALUES (161, 'Proyecto final.pdf', 'Teoría', 81, 'ViniciusJr', 'E seguimos trabalhando...', 38906 , '2016-11-01 17:45:03');
INSERT INTO `archivos`(`id`, `nombreArchivo`, `categoria`, `asignatura`, `autor`, `observaciones`, `tamano`, `fecha`) VALUES (162, 'Herramientas Forenses.pdf', 'Ejercicios', 81, 'Administrador', 'A seguir trabajando', 1190818 , '2019-10-21 17:45:03');

INSERT INTO `eventos`(`id`, `nombre`, `categoria`, `lugar`, `fecha`, `creador`, `descripcion`) VALUES (1, 'Concierto', 'Música', 'Sol', '2017-11-30 17:45:03', 'Administrador', 'Concierto bueno bueno que me encanta');
INSERT INTO `eventos`(`id`, `nombre`, `categoria`, `lugar`, `fecha`, `creador`, `descripcion`) VALUES (2, 'Baloncesto', 'Deporte', 'Callao', '2014-05-09 17:45:03', 'Administrador', 'Baloncesto bueno bueno que me encanta');
INSERT INTO `eventos`(`id`, `nombre`, `categoria`, `lugar`, `fecha`, `creador`, `descripcion`) VALUES (3, 'Fútbol', 'Deporte', 'Plaza de España', '2017-01-18 17:45:03', 'Administrador', 'Fútbol bueno bueno que me encanta');
INSERT INTO `eventos`(`id`, `nombre`, `categoria`, `lugar`, `fecha`, `creador`, `descripcion`) VALUES (4, 'Bolos', 'Deporte', 'Embajadores', '2018-06-28 17:45:03', 'ViniciusJr', 'Bolos bueno bueno que me encanta');
INSERT INTO `eventos`(`id`, `nombre`, `categoria`, `lugar`, `fecha`, `creador`, `descripcion`) VALUES (5, 'Quedada para estudiar', 'Estudio', 'Ventura Rodríguez', '2016-03-20 17:45:03', 'ViniciusJr', 'Quedada para estudiar bueno bueno que me encanta');
INSERT INTO `eventos`(`id`, `nombre`, `categoria`, `lugar`, `fecha`, `creador`, `descripcion`) VALUES (6, 'Festival', 'Música', 'Argüelles', '2019-03-22 17:45:03', 'ViniciusJr', 'Festival bueno bueno que me encanta');
INSERT INTO `eventos`(`id`, `nombre`, `categoria`, `lugar`, `fecha`, `creador`, `descripcion`) VALUES (7, 'Feria', 'Acontecimiento', 'Moncloa', '2018-04-06 17:45:03', 'Enriqueta123', 'Feria bueno bueno que me encanta');
INSERT INTO `eventos`(`id`, `nombre`, `categoria`, `lugar`, `fecha`, `creador`, `descripcion`) VALUES (8, 'Puertas abiertas', 'Acontecimiento', 'Lavapies', '2017-07-03 17:45:03', 'Enriqueta123', 'Puertas abiertas bueno bueno que me encanta');
INSERT INTO `eventos`(`id`, `nombre`, `categoria`, `lugar`, `fecha`, `creador`, `descripcion`) VALUES (9, 'Graduación', 'Acontecimiento', 'Delicias', '2019-12-11 17:45:03', 'Enriqueta123', 'Graduación bueno bueno que me encanta');

INSERT INTO `reportesusuarios`(`id`, `fecha`, `asunto`, `texto`, `usuarioEmisor`, `usuarioReceptor`) VALUES (1, '2019-08-30 17:45:03', 'No me gusta', 'Soy Enriqueta y no me gusta Vinicius', 'Enriqueta123', 'ViniciusJr');
INSERT INTO `reportesusuarios`(`id`, `fecha`, `asunto`, `texto`, `usuarioEmisor`, `usuarioReceptor`) VALUES (2, '2016-08-30 17:45:03', 'Eres muy malo', 'Soy Enriqueta y el administrador me ha borrado los archivos', 'Enriqueta123', 'Administrador');
INSERT INTO `reportesusuarios`(`id`, `fecha`, `asunto`, `texto`, `usuarioEmisor`, `usuarioReceptor`) VALUES (3, '2018-08-30 17:45:03', 'Eres malo', 'Soy Vinicius y el administrador me ha cambiado las observaciones de un archivo', 'ViniciusJr', 'Administrador');
INSERT INTO `reportesusuarios`(`id`, `fecha`, `asunto`, `texto`, `usuarioEmisor`, `usuarioReceptor`) VALUES (4, '2014-08-30 17:45:03', 'Me gusta', 'Soy Vinicius y me gusta Enriqueta', 'ViniciusJr', 'Enriqueta123');
INSERT INTO `reportesusuarios`(`id`, `fecha`, `asunto`, `texto`, `usuarioEmisor`, `usuarioReceptor`) VALUES (5, '2017-08-30 17:45:03', 'No cumple normas', 'El usuario Vinicius no cumple las normas de la página', 'Administrador', 'ViniciusJr');
INSERT INTO `reportesusuarios`(`id`, `fecha`, `asunto`, `texto`, `usuarioEmisor`, `usuarioReceptor`) VALUES (6, '2015-08-30 17:45:03', 'Foto inapropiada', 'Enriqueta tiene una foto de perfil inapropiada', 'Administrador', 'Enriqueta123');

INSERT INTO `reportesarchivos`(`id`, `fecha`, `asunto`, `texto`, `usuarioEmisor`, `archivo`) VALUES (1, '2019-08-30 17:45:03', 'Me gusta', 'Me gusta esta foto', 'ViniciusJr', 3);
INSERT INTO `reportesarchivos`(`id`, `fecha`, `asunto`, `texto`, `usuarioEmisor`, `archivo`) VALUES (2, '2015-08-30 17:45:03', 'Mola', 'Esta foto mola mucho', 'Enriqueta123', 4);
INSERT INTO `reportesarchivos`(`id`, `fecha`, `asunto`, `texto`, `usuarioEmisor`, `archivo`) VALUES (3, '2018-08-30 17:45:03', 'Foto inapropiada', 'No me gusta esta foto', 'Administrador', 1);
INSERT INTO `reportesarchivos`(`id`, `fecha`, `asunto`, `texto`, `usuarioEmisor`, `archivo`) VALUES (4, '2016-08-30 17:45:03', 'Sube más', '¿Puedes subir más?', 'ViniciusJr', 5);
INSERT INTO `reportesarchivos`(`id`, `fecha`, `asunto`, `texto`, `usuarioEmisor`, `archivo`) VALUES (5, '2017-08-30 17:45:03', 'Sube más aún', 'Eres un máquina, sube más de esto', 'Enriqueta123', 8);
INSERT INTO `reportesarchivos`(`id`, `fecha`, `asunto`, `texto`, `usuarioEmisor`, `archivo`) VALUES (6, '2014-08-30 17:45:03', 'Me encanta', 'Me encanta esta asignatura', 'Administrador', 9);

INSERT INTO `reporteseventos`(`id`, `fecha`, `asunto`, `texto`, `usuarioEmisor`, `evento`) VALUES (1, '2019-08-30 17:45:03', 'No me gusta el evento', 'Me gusta esta foto', 'ViniciusJr', 3);
INSERT INTO `reporteseventos`(`id`, `fecha`, `asunto`, `texto`, `usuarioEmisor`, `evento`) VALUES (2, '2015-08-30 17:45:03', 'Malísimo', 'Esta foto mola mucho', 'Enriqueta123', 4);
INSERT INTO `reporteseventos`(`id`, `fecha`, `asunto`, `texto`, `usuarioEmisor`, `evento`) VALUES (3, '2018-08-30 17:45:03', 'Evento inapropiada', 'No me gusta esta foto', 'Administrador', 1);
INSERT INTO `reporteseventos`(`id`, `fecha`, `asunto`, `texto`, `usuarioEmisor`, `evento`) VALUES (4, '2016-08-30 17:45:03', 'Hagamos más', '¿Puedes subir más?', 'ViniciusJr', 5);
INSERT INTO `reporteseventos`(`id`, `fecha`, `asunto`, `texto`, `usuarioEmisor`, `evento`) VALUES (5, '2017-08-30 17:45:03', '¿Qúe es esto?', 'Eres un máquina, sube más de esto', 'Enriqueta123', 8);
INSERT INTO `reporteseventos`(`id`, `fecha`, `asunto`, `texto`, `usuarioEmisor`, `evento`) VALUES (6, '2014-08-30 17:45:03', 'Lo mejor de lo mejor', 'Me encanta esta asignatura', 'Administrador', 9);

INSERT INTO `asistentes`(`idEvento`, `idUsuario`) VALUES (1, 'Administrador');
INSERT INTO `asistentes`(`idEvento`, `idUsuario`) VALUES (1, 'Enriqueta123');
INSERT INTO `asistentes`(`idEvento`, `idUsuario`) VALUES (1, 'ViniciusJr');
INSERT INTO `asistentes`(`idEvento`, `idUsuario`) VALUES (2, 'ViniciusJr');
INSERT INTO `asistentes`(`idEvento`, `idUsuario`) VALUES (2, 'Enriqueta123');
INSERT INTO `asistentes`(`idEvento`, `idUsuario`) VALUES (3, 'ViniciusJr');
INSERT INTO `asistentes`(`idEvento`, `idUsuario`) VALUES (4, 'ViniciusJr');
INSERT INTO `asistentes`(`idEvento`, `idUsuario`) VALUES (4, 'Administrador');
INSERT INTO `asistentes`(`idEvento`, `idUsuario`) VALUES (5, 'ViniciusJr');
INSERT INTO `asistentes`(`idEvento`, `idUsuario`) VALUES (5, 'Administrador');
INSERT INTO `asistentes`(`idEvento`, `idUsuario`) VALUES (5, 'Enriqueta123');
INSERT INTO `asistentes`(`idEvento`, `idUsuario`) VALUES (6, 'Administrador');
INSERT INTO `asistentes`(`idEvento`, `idUsuario`) VALUES (7, 'ViniciusJr');
INSERT INTO `asistentes`(`idEvento`, `idUsuario`) VALUES (8, 'Administrador');
INSERT INTO `asistentes`(`idEvento`, `idUsuario`) VALUES (8, 'Enriqueta123');
INSERT INTO `asistentes`(`idEvento`, `idUsuario`) VALUES (9, 'Administrador');
INSERT INTO `asistentes`(`idEvento`, `idUsuario`) VALUES (9, 'Enriqueta123');
INSERT INTO `asistentes`(`idEvento`, `idUsuario`) VALUES (9, 'ViniciusJr');

INSERT INTO `valoracionesarchivos`(`idArchivo`, `usuarioEmisor`, `puntuacion`) VALUES (1, 'ViniciusJr', 5);
INSERT INTO `valoracionesarchivos`(`idArchivo`, `usuarioEmisor`, `puntuacion`) VALUES (1, 'Enriqueta123', 3);
INSERT INTO `valoracionesarchivos`(`idArchivo`, `usuarioEmisor`, `puntuacion`) VALUES (1, 'Administrador', 2);
INSERT INTO `valoracionesarchivos`(`idArchivo`, `usuarioEmisor`, `puntuacion`) VALUES (2, 'ViniciusJr', 1);
INSERT INTO `valoracionesarchivos`(`idArchivo`, `usuarioEmisor`, `puntuacion`) VALUES (2, 'Enriqueta123', 4);
INSERT INTO `valoracionesarchivos`(`idArchivo`, `usuarioEmisor`, `puntuacion`) VALUES (2, 'Administrador', 3);
INSERT INTO `valoracionesarchivos`(`idArchivo`, `usuarioEmisor`, `puntuacion`) VALUES (3, 'ViniciusJr', 2);
INSERT INTO `valoracionesarchivos`(`idArchivo`, `usuarioEmisor`, `puntuacion`) VALUES (3, 'Enriqueta123', 5);
INSERT INTO `valoracionesarchivos`(`idArchivo`, `usuarioEmisor`, `puntuacion`) VALUES (3, 'Administrador', 3);
INSERT INTO `valoracionesarchivos`(`idArchivo`, `usuarioEmisor`, `puntuacion`) VALUES (4, 'ViniciusJr', 4);
INSERT INTO `valoracionesarchivos`(`idArchivo`, `usuarioEmisor`, `puntuacion`) VALUES (4, 'Enriqueta123', 5);
INSERT INTO `valoracionesarchivos`(`idArchivo`, `usuarioEmisor`, `puntuacion`) VALUES (4, 'Administrador', 2);
INSERT INTO `valoracionesarchivos`(`idArchivo`, `usuarioEmisor`, `puntuacion`) VALUES (5, 'ViniciusJr', 3);
INSERT INTO `valoracionesarchivos`(`idArchivo`, `usuarioEmisor`, `puntuacion`) VALUES (5, 'Enriqueta123', 1);
INSERT INTO `valoracionesarchivos`(`idArchivo`, `usuarioEmisor`, `puntuacion`) VALUES (5, 'Administrador', 4);
INSERT INTO `valoracionesarchivos`(`idArchivo`, `usuarioEmisor`, `puntuacion`) VALUES (6, 'ViniciusJr', 5);
INSERT INTO `valoracionesarchivos`(`idArchivo`, `usuarioEmisor`, `puntuacion`) VALUES (6, 'Enriqueta123', 5);
INSERT INTO `valoracionesarchivos`(`idArchivo`, `usuarioEmisor`, `puntuacion`) VALUES (6, 'Administrador', 4);
INSERT INTO `valoracionesarchivos`(`idArchivo`, `usuarioEmisor`, `puntuacion`) VALUES (7, 'ViniciusJr', 3);
INSERT INTO `valoracionesarchivos`(`idArchivo`, `usuarioEmisor`, `puntuacion`) VALUES (7, 'Enriqueta123', 4);
INSERT INTO `valoracionesarchivos`(`idArchivo`, `usuarioEmisor`, `puntuacion`) VALUES (7, 'Administrador', 1);
INSERT INTO `valoracionesarchivos`(`idArchivo`, `usuarioEmisor`, `puntuacion`) VALUES (8, 'ViniciusJr', 2);
INSERT INTO `valoracionesarchivos`(`idArchivo`, `usuarioEmisor`, `puntuacion`) VALUES (8, 'Enriqueta123', 2);
INSERT INTO `valoracionesarchivos`(`idArchivo`, `usuarioEmisor`, `puntuacion`) VALUES (8, 'Administrador', 1);
INSERT INTO `valoracionesarchivos`(`idArchivo`, `usuarioEmisor`, `puntuacion`) VALUES (9, 'ViniciusJr', 4);
INSERT INTO `valoracionesarchivos`(`idArchivo`, `usuarioEmisor`, `puntuacion`) VALUES (9, 'Enriqueta123', 5);
INSERT INTO `valoracionesarchivos`(`idArchivo`, `usuarioEmisor`, `puntuacion`) VALUES (9, 'Administrador', 3);

INSERT INTO `valoracionesusuarios`(`usuarioReceptor`, `usuarioEmisor`, `puntuacion`) VALUES ('Administrador', 'ViniciusJr', 5);
INSERT INTO `valoracionesusuarios`(`usuarioReceptor`, `usuarioEmisor`, `puntuacion`) VALUES ('Administrador', 'Enriqueta123', 3);
INSERT INTO `valoracionesusuarios`(`usuarioReceptor`, `usuarioEmisor`, `puntuacion`) VALUES ('ViniciusJr', 'Enriqueta123', 1);
INSERT INTO `valoracionesusuarios`(`usuarioReceptor`, `usuarioEmisor`, `puntuacion`) VALUES ('ViniciusJr', 'Administrador', 4);
INSERT INTO `valoracionesusuarios`(`usuarioReceptor`, `usuarioEmisor`, `puntuacion`) VALUES ('Enriqueta123', 'ViniciusJr', 1);
INSERT INTO `valoracionesusuarios`(`usuarioReceptor`, `usuarioEmisor`, `puntuacion`) VALUES ('Enriqueta123', 'Administrador', 3);

INSERT INTO `novedadesvaloracionesarchivos`(`fecha`, `usuarioEmisor`, `idArchivo`) VALUES ('2019-04-18 17:45:03', 'ViniciusJr', 1);
INSERT INTO `novedadesvaloracionesarchivos`(`fecha`, `usuarioEmisor`, `idArchivo`) VALUES ('2019-04-13 17:45:03', 'Enriqueta123', 1);
INSERT INTO `novedadesvaloracionesarchivos`(`fecha`, `usuarioEmisor`, `idArchivo`) VALUES ('2019-04-09 17:45:03', 'Administrador', 1);
INSERT INTO `novedadesvaloracionesarchivos`(`fecha`, `usuarioEmisor`, `idArchivo`) VALUES ('2019-04-06 17:45:03', 'ViniciusJr', 2);
INSERT INTO `novedadesvaloracionesarchivos`(`fecha`, `usuarioEmisor`, `idArchivo`) VALUES ('2019-04-03 17:45:03', 'Enriqueta123', 2);
INSERT INTO `novedadesvaloracionesarchivos`(`fecha`, `usuarioEmisor`, `idArchivo`) VALUES ('2019-03-31 17:45:03', 'Administrador', 2);
INSERT INTO `novedadesvaloracionesarchivos`(`fecha`, `usuarioEmisor`, `idArchivo`) VALUES ('2019-03-29 17:45:03', 'ViniciusJr', 3);
INSERT INTO `novedadesvaloracionesarchivos`(`fecha`, `usuarioEmisor`, `idArchivo`) VALUES ('2019-03-25 17:45:03', 'Enriqueta123', 3);
INSERT INTO `novedadesvaloracionesarchivos`(`fecha`, `usuarioEmisor`, `idArchivo`) VALUES ('2019-03-22 17:45:03', 'Administrador', 3);
INSERT INTO `novedadesvaloracionesarchivos`(`fecha`, `usuarioEmisor`, `idArchivo`) VALUES ('2019-03-18 17:45:03', 'ViniciusJr', 4);
INSERT INTO `novedadesvaloracionesarchivos`(`fecha`, `usuarioEmisor`, `idArchivo`) VALUES ('2019-03-17 17:45:03', 'Enriqueta123', 4);
INSERT INTO `novedadesvaloracionesarchivos`(`fecha`, `usuarioEmisor`, `idArchivo`) VALUES ('2019-03-16 17:45:03', 'Administrador', 4);
INSERT INTO `novedadesvaloracionesarchivos`(`fecha`, `usuarioEmisor`, `idArchivo`) VALUES ('2019-03-15 17:45:03', 'ViniciusJr', 5);
INSERT INTO `novedadesvaloracionesarchivos`(`fecha`, `usuarioEmisor`, `idArchivo`) VALUES ('2019-03-14 17:45:03', 'Enriqueta123', 5);
INSERT INTO `novedadesvaloracionesarchivos`(`fecha`, `usuarioEmisor`, `idArchivo`) VALUES ('2019-03-13 17:45:03', 'Administrador', 5);
INSERT INTO `novedadesvaloracionesarchivos`(`fecha`, `usuarioEmisor`, `idArchivo`) VALUES ('2019-03-12 17:45:03', 'ViniciusJr', 6);
INSERT INTO `novedadesvaloracionesarchivos`(`fecha`, `usuarioEmisor`, `idArchivo`) VALUES ('2019-03-11 17:45:03', 'Enriqueta123', 6);
INSERT INTO `novedadesvaloracionesarchivos`(`fecha`, `usuarioEmisor`, `idArchivo`) VALUES ('2019-03-10 17:45:03', 'Administrador', 6);
INSERT INTO `novedadesvaloracionesarchivos`(`fecha`, `usuarioEmisor`, `idArchivo`) VALUES ('2019-03-09 17:45:03', 'ViniciusJr', 7);
INSERT INTO `novedadesvaloracionesarchivos`(`fecha`, `usuarioEmisor`, `idArchivo`) VALUES ('2019-03-08 17:45:03', 'Enriqueta123', 7);
INSERT INTO `novedadesvaloracionesarchivos`(`fecha`, `usuarioEmisor`, `idArchivo`) VALUES ('2019-03-07 17:45:03', 'Administrador', 7);
INSERT INTO `novedadesvaloracionesarchivos`(`fecha`, `usuarioEmisor`, `idArchivo`) VALUES ('2019-03-06 17:45:03', 'ViniciusJr', 8);
INSERT INTO `novedadesvaloracionesarchivos`(`fecha`, `usuarioEmisor`, `idArchivo`) VALUES ('2019-03-05 17:45:03', 'Enriqueta123', 8);
INSERT INTO `novedadesvaloracionesarchivos`(`fecha`, `usuarioEmisor`, `idArchivo`) VALUES ('2019-03-04 17:45:03', 'Administrador', 8);
INSERT INTO `novedadesvaloracionesarchivos`(`fecha`, `usuarioEmisor`, `idArchivo`) VALUES ('2019-03-03 17:45:03', 'ViniciusJr', 9);
INSERT INTO `novedadesvaloracionesarchivos`(`fecha`, `usuarioEmisor`, `idArchivo`) VALUES ('2019-03-02 17:45:03', 'Enriqueta123', 9);
INSERT INTO `novedadesvaloracionesarchivos`(`fecha`, `usuarioEmisor`, `idArchivo`) VALUES ('2019-03-01 17:45:03', 'Administrador', 9);


INSERT INTO `novedadesvaloracionesusuarios`(`fecha`, `usuarioEmisor`, `usuarioReceptor`) VALUES ('2019-04-17 17:45:03', 'ViniciusJr', 'Administrador');
INSERT INTO `novedadesvaloracionesusuarios`(`fecha`, `usuarioEmisor`, `usuarioReceptor`) VALUES ('2019-04-12 17:45:03', 'Enriqueta123', 'Administrador');
INSERT INTO `novedadesvaloracionesusuarios`(`fecha`, `usuarioEmisor`, `usuarioReceptor`) VALUES ('2019-04-08 17:45:03', 'Enriqueta123', 'ViniciusJr');
INSERT INTO `novedadesvaloracionesusuarios`(`fecha`, `usuarioEmisor`, `usuarioReceptor`) VALUES ('2019-03-06 17:45:03', 'Administrador', 'ViniciusJr');
INSERT INTO `novedadesvaloracionesusuarios`(`fecha`, `usuarioEmisor`, `usuarioReceptor`) VALUES ('2019-04-02 17:45:03', 'ViniciusJr', 'Enriqueta123');
INSERT INTO `novedadesvaloracionesusuarios`(`fecha`, `usuarioEmisor`, `usuarioReceptor`) VALUES ('2019-03-26 17:45:03', 'Administrador', 'Enriqueta123');

INSERT INTO `novedadesarchivos`(`fecha`, `usuarioEmisor`, `idArchivo`) VALUES ('2019-04-16 17:45:03', 'ViniciusJr', 1);
INSERT INTO `novedadesarchivos`(`fecha`, `usuarioEmisor`, `idArchivo`) VALUES ('2019-04-14 17:45:03', 'Administrador', 2);
INSERT INTO `novedadesarchivos`(`fecha`, `usuarioEmisor`, `idArchivo`) VALUES ('2019-04-10 17:45:03', 'Enriqueta123', 3);
INSERT INTO `novedadesarchivos`(`fecha`, `usuarioEmisor`, `idArchivo`) VALUES ('2019-04-05 17:45:03', 'ViniciusJr', 4);
INSERT INTO `novedadesarchivos`(`fecha`, `usuarioEmisor`, `idArchivo`) VALUES ('2019-03-30 17:45:03', 'ViniciusJr', 5);
INSERT INTO `novedadesarchivos`(`fecha`, `usuarioEmisor`, `idArchivo`) VALUES ('2019-03-28 17:45:03', 'Administrador', 6);
INSERT INTO `novedadesarchivos`(`fecha`, `usuarioEmisor`, `idArchivo`) VALUES ('2019-03-23 17:45:03', 'Enriqueta123', 7);
INSERT INTO `novedadesarchivos`(`fecha`, `usuarioEmisor`, `idArchivo`) VALUES ('2019-03-20 17:45:03', 'ViniciusJr', 8);

INSERT INTO `novedadeseventos`(`fecha`, `usuarioEmisor`, `idEvento`) VALUES ('2019-04-15 17:45:03', 'Administrador', 1);
INSERT INTO `novedadeseventos`(`fecha`, `usuarioEmisor`, `idEvento`) VALUES ('2019-04-11 17:45:03', 'Administrador', 2);
INSERT INTO `novedadeseventos`(`fecha`, `usuarioEmisor`, `idEvento`) VALUES ('2019-04-07 17:45:03', 'Administrador', 3);
INSERT INTO `novedadeseventos`(`fecha`, `usuarioEmisor`, `idEvento`) VALUES ('2019-04-04 17:45:03', 'ViniciusJr', 4);
INSERT INTO `novedadeseventos`(`fecha`, `usuarioEmisor`, `idEvento`) VALUES ('2019-04-01 17:45:03', 'ViniciusJr', 5);
INSERT INTO `novedadeseventos`(`fecha`, `usuarioEmisor`, `idEvento`) VALUES ('2019-03-27 17:45:03', 'ViniciusJr', 6);
INSERT INTO `novedadeseventos`(`fecha`, `usuarioEmisor`, `idEvento`) VALUES ('2019-03-24 17:45:03', 'Enriqueta123', 7);
INSERT INTO `novedadeseventos`(`fecha`, `usuarioEmisor`, `idEvento`) VALUES ('2019-03-21 17:45:03', 'Enriqueta123', 8);
INSERT INTO `novedadeseventos`(`fecha`, `usuarioEmisor`, `idEvento`) VALUES ('2018-03-19 17:45:03', 'Enriqueta123', 9);